Workbook

Sheet Earth Electrode Test
A1: EARTH ELECTRODE RESISTANCE TEST REPORT
A2: Fall-of-potential method, 62 % rule with 52 / 62 / 72 % plateau check
A3: Enter data in the blue-on-yellow cells. Grey cells are calculated and locked (sheet protection has no password: Review > Unprotect Sheet).
A5: 1. Job and test details
A6: Customer / site | E6: Electrode ID / tag
A7: Electrode type and description | E7: Test date
A8: Soil condition at test | E8: Last rainfall (date or days ago)
A9: Largest dimension of electrode L (m) | E9: Distance from electrode E to current spike C: D (m)
A10: Seasonal correction factor (default 1.0) | E10: Permitted earth resistance (Ω)
A11: Test instrument model | E11: Serial number and calibration due
A12: Tested by | E12: Witnessed or reviewed by
A13: Spacing check: minimum D for this electrode (m) | B13: =IF(ISNUMBER(B9),B9*Reference!$B$11,"") | C13: =IF(OR(B13="",NOT(ISNUMBER(F9))),"",IF(F9>=B13,"Valid - D is at least "&Reference!$B$11&" x L","Check - D is below "&Reference!$B$11&" x L, move C farther out"))
A15: 2. Readings along the line from E to C
A16: Position of P (% of D) | B16: Distance of P from E (m) | C16: Reading R (Ω) | D16: Role
A17: 0.1 | B17: =IF(AND(ISNUMBER(A17),ISNUMBER($F$9)),A17*$F$9,"")
A18: 0.2 | B18: =IF(AND(ISNUMBER(A18),ISNUMBER($F$9)),A18*$F$9,"")
A19: 0.3 | B19: =IF(AND(ISNUMBER(A19),ISNUMBER($F$9)),A19*$F$9,"")
A20: 0.4 | B20: =IF(AND(ISNUMBER(A20),ISNUMBER($F$9)),A20*$F$9,"")
A21: 0.5 | B21: =IF(AND(ISNUMBER(A21),ISNUMBER($F$9)),A21*$F$9,"")
A22: =Reference!$B$7 -> 0.52 | B22: =IF(AND(ISNUMBER(A22),ISNUMBER($F$9)),A22*$F$9,"") | D22: Check
A23: =Reference!$B$8 -> 0.62 | B23: =IF(AND(ISNUMBER(A23),ISNUMBER($F$9)),A23*$F$9,"") | D23: Reported value
A24: =Reference!$B$9 -> 0.72 | B24: =IF(AND(ISNUMBER(A24),ISNUMBER($F$9)),A24*$F$9,"") | D24: Check
A25: 0.8 | B25: =IF(AND(ISNUMBER(A25),ISNUMBER($F$9)),A25*$F$9,"")
A26: 0.9 | B26: =IF(AND(ISNUMBER(A26),ISNUMBER($F$9)),A26*$F$9,"")
A27: Take the readings with P moved in steps while E and C stay fixed. The 52, 62 and 72 % rows are linked to the Reference sheet and drive the plateau check.
A29: 3. Result
A30: Reading at 52 % | B30: =IF(ISNUMBER(C22),C22,"")
A31: Reading at 62 % | B31: =IF(ISNUMBER(C23),C23,"")
A32: Reading at 72 % | B32: =IF(ISNUMBER(C24),C24,"")
A33: Largest difference from the 62 % reading | B33: =IF(AND(COUNT(B30:B32)=3,B31>0),MAX(ABS(B30-B31),ABS(B32-B31))/B31,"")
A34: Plateau check | B34: =IF(B33="","",IF(B33<=Reference!$B$10/100,"Valid - the three readings agree within "&Reference!$B$10&" %","Not valid - readings differ by more than "&Reference!$B$10&" %, increase D and repeat"))
A35: Seasonal correction factor applied | B35: =IF(ISNUMBER(B10),B10,1) -> 1
A36: EARTH RESISTANCE REPORTED (Ω) | B36: =IF(B31="","",B31*B35)
A37: Against permitted value | B37: =IF(OR(B36="",NOT(ISNUMBER(F10))),"",IF(B36<=F10,"PASS - "&TEXT(B36,"0.00")&" Ω is at or below "&TEXT(F10,"0.00")&" Ω","FAIL - "&TEXT(B36,"0.00")&" Ω is above "&TEXT(F10,"0.00")&" Ω"))
A38: Remarks and recommended action
A41: Signature and date: tester | E41: Reviewer

Sheet Soil and Rod
A1: SOIL RESISTIVITY (WENNER) AND ROD ESTIMATE
A2: Four-pin Wenner method with exact depth correction, plus a single-rod resistance estimate for comparison with the measurement
A3: Enter data in the blue-on-yellow cells. Grey cells are calculated and locked (sheet protection has no password: Review > Unprotect Sheet).
A5: 1. Test details
A6: Customer / site | E6: Test date
A7: Traverse direction and location | E7: Instrument and serial
A8: Probe depth b (m) | C8: Depth to which each pin is driven. Keep it small compared with the spacing.
A10: 2. Readings and apparent resistivity
A11: Spacing a (m) | B11: Reading R (Ω) | C11: b / a | D11: Resistivity, exact (Ω·m) | E11: Resistivity, 2 pi a R (Ω·m) | F11: Difference exact vs simple
C12: =IF(AND(ISNUMBER(A12),A12>0,ISNUMBER($B$8)),$B$8/A12,"") | D12: =IF(AND(ISNUMBER(A12),ISNUMBER(B12),ISNUMBER($B$8),A12>0),4*PI()*A12*B12/(1+2*A12/SQRT(A12^2+4*$B$8^2)-A12/SQRT(A12^2+$B$8^2)),"") | E12: =IF(AND(ISNUMBER(A12),ISNUMBER(B12),A12>0),2*PI()*A12*B12,"") | F12: =IF(OR(D12="",E12=""),"",E12/D12-1)
C13: =IF(AND(ISNUMBER(A13),A13>0,ISNUMBER($B$8)),$B$8/A13,"") | D13: =IF(AND(ISNUMBER(A13),ISNUMBER(B13),ISNUMBER($B$8),A13>0),4*PI()*A13*B13/(1+2*A13/SQRT(A13^2+4*$B$8^2)-A13/SQRT(A13^2+$B$8^2)),"") | E13: =IF(AND(ISNUMBER(A13),ISNUMBER(B13),A13>0),2*PI()*A13*B13,"") | F13: =IF(OR(D13="",E13=""),"",E13/D13-1)
C14: =IF(AND(ISNUMBER(A14),A14>0,ISNUMBER($B$8)),$B$8/A14,"") | D14: =IF(AND(ISNUMBER(A14),ISNUMBER(B14),ISNUMBER($B$8),A14>0),4*PI()*A14*B14/(1+2*A14/SQRT(A14^2+4*$B$8^2)-A14/SQRT(A14^2+$B$8^2)),"") | E14: =IF(AND(ISNUMBER(A14),ISNUMBER(B14),A14>0),2*PI()*A14*B14,"") | F14: =IF(OR(D14="",E14=""),"",E14/D14-1)
C15: =IF(AND(ISNUMBER(A15),A15>0,ISNUMBER($B$8)),$B$8/A15,"") | D15: =IF(AND(ISNUMBER(A15),ISNUMBER(B15),ISNUMBER($B$8),A15>0),4*PI()*A15*B15/(1+2*A15/SQRT(A15^2+4*$B$8^2)-A15/SQRT(A15^2+$B$8^2)),"") | E15: =IF(AND(ISNUMBER(A15),ISNUMBER(B15),A15>0),2*PI()*A15*B15,"") | F15: =IF(OR(D15="",E15=""),"",E15/D15-1)
C16: =IF(AND(ISNUMBER(A16),A16>0,ISNUMBER($B$8)),$B$8/A16,"") | D16: =IF(AND(ISNUMBER(A16),ISNUMBER(B16),ISNUMBER($B$8),A16>0),4*PI()*A16*B16/(1+2*A16/SQRT(A16^2+4*$B$8^2)-A16/SQRT(A16^2+$B$8^2)),"") | E16: =IF(AND(ISNUMBER(A16),ISNUMBER(B16),A16>0),2*PI()*A16*B16,"") | F16: =IF(OR(D16="",E16=""),"",E16/D16-1)
C17: =IF(AND(ISNUMBER(A17),A17>0,ISNUMBER($B$8)),$B$8/A17,"") | D17: =IF(AND(ISNUMBER(A17),ISNUMBER(B17),ISNUMBER($B$8),A17>0),4*PI()*A17*B17/(1+2*A17/SQRT(A17^2+4*$B$8^2)-A17/SQRT(A17^2+$B$8^2)),"") | E17: =IF(AND(ISNUMBER(A17),ISNUMBER(B17),A17>0),2*PI()*A17*B17,"") | F17: =IF(OR(D17="",E17=""),"",E17/D17-1)
C18: =IF(AND(ISNUMBER(A18),A18>0,ISNUMBER($B$8)),$B$8/A18,"") | D18: =IF(AND(ISNUMBER(A18),ISNUMBER(B18),ISNUMBER($B$8),A18>0),4*PI()*A18*B18/(1+2*A18/SQRT(A18^2+4*$B$8^2)-A18/SQRT(A18^2+$B$8^2)),"") | E18: =IF(AND(ISNUMBER(A18),ISNUMBER(B18),A18>0),2*PI()*A18*B18,"") | F18: =IF(OR(D18="",E18=""),"",E18/D18-1)
C19: =IF(AND(ISNUMBER(A19),A19>0,ISNUMBER($B$8)),$B$8/A19,"") | D19: =IF(AND(ISNUMBER(A19),ISNUMBER(B19),ISNUMBER($B$8),A19>0),4*PI()*A19*B19/(1+2*A19/SQRT(A19^2+4*$B$8^2)-A19/SQRT(A19^2+$B$8^2)),"") | E19: =IF(AND(ISNUMBER(A19),ISNUMBER(B19),A19>0),2*PI()*A19*B19,"") | F19: =IF(OR(D19="",E19=""),"",E19/D19-1)
A20: Average resistivity (Ω·m) | B20: =IF(COUNT(D12:D19)=0,"",AVERAGE(D12:D19)) | D20: Apparent resistivity at spacing a represents soil down to a depth of the order of a. A resistivity that changes strongly with spacing suggests layered soil.
A21: Lowest / highest (Ω·m) | B21: =IF(COUNT(D12:D19)=0,"",MIN(D12:D19)) | C21: =IF(COUNT(D12:D19)=0,"",MAX(D12:D19))
A22: Highest divided by lowest | B22: =IF(COUNT(D12:D19)<2,"",MAX(D12:D19)/MIN(D12:D19))
A24: 3. Single vertical rod estimate (for comparison)
A25: Resistivity to use (Ω·m) | C25: Leave blank to use the Wenner average above.
A26: Resistivity used (Ω·m) | B26: =IF(ISNUMBER(B25),B25,IF(B20="","",B20))
A27: Rod length in the soil L (m)
A28: Rod diameter (mm)
A29: Estimated resistance of one rod (Ω) | B29: =IF(AND(ISNUMBER(B26),ISNUMBER(B27),ISNUMBER(B28),B27>0,B28>0),B26/(2*PI()*B27)*(LN(4*B27/(B28/2000))-1),"")
A30: Measured earth resistance (Ω) | B30: =IF(ISNUMBER('Earth Electrode Test'!B36),'Earth Electrode Test'!B36,"") | C30: Linked from the earth electrode test sheet.
A31: Measured against estimate | B31: =IF(OR(B29="",B30=""),"",B30/B29-1)
A32: Informational only. The estimate assumes uniform soil and one vertical rod, so a difference of tens of percent is common. Large differences point to layered soil, rock, moisture or interference worth investigating.

Sheet Earth Electrode Test (Example)
A1: EARTH ELECTRODE RESISTANCE TEST REPORT
A2: Fall-of-potential method, 62 % rule with 52 / 62 / 72 % plateau check
A3: EXAMPLE with made-up data, to show the expected format. Use the blank sheet for your own report.
A5: 1. Job and test details
A6: Customer / site | B6: Demo Plant, Howrah | E6: Electrode ID / tag | F6: EP-3 main earth rod
A7: Electrode type and description | B7: Copper-bonded rod, 3 m x 16 mm, in a pit | E7: Test date | F7: 46313
A8: Soil condition at test | B8: Damp | E8: Last rainfall (date or days ago) | F8: 3 days ago
A9: Largest dimension of electrode L (m) | B9: 3 | E9: Distance from electrode E to current spike C: D (m) | F9: 40
A10: Seasonal correction factor (default 1.0) | B10: 1 | E10: Permitted earth resistance (Ω) | F10: 5
A11: Test instrument model | B11: CIE DET-2000 | E11: Serial number and calibration due | F11: Sample serial, cal due Mar 2027
A12: Tested by | B12: A. Sample | E12: Witnessed or reviewed by | F12: B. Sample
A13: Spacing check: minimum D for this electrode (m) | B13: =IF(ISNUMBER(B9),B9*Reference!$B$11,"") -> 15 | C13: =IF(OR(B13="",NOT(ISNUMBER(F9))),"",IF(F9>=B13,"Valid - D is at least "&Reference!$B$11&" x L","Check - D is below "&Reference!$B$11&" x L, move C farther out")) -> Valid - D is at least 5 x L
A15: 2. Readings along the line from E to C
A16: Position of P (% of D) | B16: Distance of P from E (m) | C16: Reading R (Ω) | D16: Role
A17: 0.1 | B17: =IF(AND(ISNUMBER(A17),ISNUMBER($F$9)),A17*$F$9,"") -> 4 | C17: 12
A18: 0.2 | B18: =IF(AND(ISNUMBER(A18),ISNUMBER($F$9)),A18*$F$9,"") -> 8 | C18: 15.5
A19: 0.3 | B19: =IF(AND(ISNUMBER(A19),ISNUMBER($F$9)),A19*$F$9,"") -> 12 | C19: 17.6
A20: 0.4 | B20: =IF(AND(ISNUMBER(A20),ISNUMBER($F$9)),A20*$F$9,"") -> 16 | C20: 18.8
A21: 0.5 | B21: =IF(AND(ISNUMBER(A21),ISNUMBER($F$9)),A21*$F$9,"") -> 20 | C21: 19.5
A22: =Reference!$B$7 -> 0.52 | B22: =IF(AND(ISNUMBER(A22),ISNUMBER($F$9)),A22*$F$9,"") -> 20.8 | C22: 19.6 | D22: Check
A23: =Reference!$B$8 -> 0.62 | B23: =IF(AND(ISNUMBER(A23),ISNUMBER($F$9)),A23*$F$9,"") -> 24.8 | C23: 19.8 | D23: Reported value
A24: =Reference!$B$9 -> 0.72 | B24: =IF(AND(ISNUMBER(A24),ISNUMBER($F$9)),A24*$F$9,"") -> 28.8 | C24: 20.1 | D24: Check
A25: 0.8 | B25: =IF(AND(ISNUMBER(A25),ISNUMBER($F$9)),A25*$F$9,"") -> 32 | C25: 21.5
A26: 0.9 | B26: =IF(AND(ISNUMBER(A26),ISNUMBER($F$9)),A26*$F$9,"") -> 36 | C26: 27
A27: Take the readings with P moved in steps while E and C stay fixed. The 52, 62 and 72 % rows are linked to the Reference sheet and drive the plateau check.
A29: 3. Result
A30: Reading at 52 % | B30: =IF(ISNUMBER(C22),C22,"") -> 19.6
A31: Reading at 62 % | B31: =IF(ISNUMBER(C23),C23,"") -> 19.8
A32: Reading at 72 % | B32: =IF(ISNUMBER(C24),C24,"") -> 20.1
A33: Largest difference from the 62 % reading | B33: =IF(AND(COUNT(B30:B32)=3,B31>0),MAX(ABS(B30-B31),ABS(B32-B31))/B31,"") -> 0.015151515
A34: Plateau check | B34: =IF(B33="","",IF(B33<=Reference!$B$10/100,"Valid - the three readings agree within "&Reference!$B$10&" %","Not valid - readings differ by more than "&Reference!$B$10&" %, increase D and repeat")) -> Valid - the three readings agree within 5 %
A35: Seasonal correction factor applied | B35: =IF(ISNUMBER(B10),B10,1) -> 1
A36: EARTH RESISTANCE REPORTED (Ω) | B36: =IF(B31="","",B31*B35) -> 19.8
A37: Against permitted value | B37: =IF(OR(B36="",NOT(ISNUMBER(F10))),"",IF(B36<=F10,"PASS - "&TEXT(B36,"0.00")&" Ω is at or below "&TEXT(F10,"0.00")&" Ω","FAIL - "&TEXT(B36,"0.00")&" Ω is above "&TEXT(F10,"0.00")&" Ω")) -> FAIL - 19.80 Ω is above 5.00 Ω
A38: Remarks and recommended action | B38: Example only. The 52, 62 and 72 % readings agree within 5 %, so the plateau is valid. The result is above the 5 Ω target, so add rods or treat the soil, then retest. Also retest in the dry season.
A41: Signature and date: tester | E41: Reviewer

Sheet Soil and Rod (Example)
A1: SOIL RESISTIVITY (WENNER) AND ROD ESTIMATE
A2: Four-pin Wenner method with exact depth correction, plus a single-rod resistance estimate for comparison with the measurement
A3: EXAMPLE with made-up data, to show the expected format. Use the blank sheet for your own report.
A5: 1. Test details
A6: Customer / site | B6: Demo Plant, Howrah | E6: Test date | F6: 46313
A7: Traverse direction and location | B7: North to south along the cable route | E7: Instrument and serial | F7: CIE DET-2000
A8: Probe depth b (m) | B8: 0.2 | C8: Depth to which each pin is driven. Keep it small compared with the spacing.
A10: 2. Readings and apparent resistivity
A11: Spacing a (m) | B11: Reading R (Ω) | C11: b / a | D11: Resistivity, exact (Ω·m) | E11: Resistivity, 2 pi a R (Ω·m) | F11: Difference exact vs simple
A12: 1 | B12: 9.87 | C12: =IF(AND(ISNUMBER(A12),A12>0,ISNUMBER($B$8)),$B$8/A12,"") -> 0.2 | D12: =IF(AND(ISNUMBER(A12),ISNUMBER(B12),ISNUMBER($B$8),A12>0),4*PI()*A12*B12/(1+2*A12/SQRT(A12^2+4*$B$8^2)-A12/SQRT(A12^2+$B$8^2)),"") -> 66.100982 | E12: =IF(AND(ISNUMBER(A12),ISNUMBER(B12),A12>0),2*PI()*A12*B12,"") -> 62.015039 | F12: =IF(OR(D12="",E12=""),"",E12/D12-1) -> -0.061813647
A13: 2 | B13: 4.77 | C13: =IF(AND(ISNUMBER(A13),A13>0,ISNUMBER($B$8)),$B$8/A13,"") -> 0.1 | D13: =IF(AND(ISNUMBER(A13),ISNUMBER(B13),ISNUMBER($B$8),A13>0),4*PI()*A13*B13/(1+2*A13/SQRT(A13^2+4*$B$8^2)-A13/SQRT(A13^2+$B$8^2)),"") -> 60.974367 | E13: =IF(AND(ISNUMBER(A13),ISNUMBER(B13),A13>0),2*PI()*A13*B13,"") -> 59.941588 | F13: =IF(OR(D13="",E13=""),"",E13/D13-1) -> -0.016937919
A14: 4 | B14: 2.31 | C14: =IF(AND(ISNUMBER(A14),A14>0,ISNUMBER($B$8)),$B$8/A14,"") -> 0.05 | D14: =IF(AND(ISNUMBER(A14),ISNUMBER(B14),ISNUMBER($B$8),A14>0),4*PI()*A14*B14/(1+2*A14/SQRT(A14^2+4*$B$8^2)-A14/SQRT(A14^2+$B$8^2)),"") -> 58.309637 | E14: =IF(AND(ISNUMBER(A14),ISNUMBER(B14),A14>0),2*PI()*A14*B14,"") -> 58.056632 | F14: =IF(OR(D14="",E14=""),"",E14/D14-1) -> -0.0043389792
A15: 8 | B15: 1.17 | C15: =IF(AND(ISNUMBER(A15),A15>0,ISNUMBER($B$8)),$B$8/A15,"") -> 0.025 | D15: =IF(AND(ISNUMBER(A15),ISNUMBER(B15),ISNUMBER($B$8),A15>0),4*PI()*A15*B15/(1+2*A15/SQRT(A15^2+4*$B$8^2)-A15/SQRT(A15^2+$B$8^2)),"") -> 58.874875 | E15: =IF(AND(ISNUMBER(A15),ISNUMBER(B15),A15>0),2*PI()*A15*B15,"") -> 58.810614 | F15: =IF(OR(D15="",E15=""),"",E15/D15-1) -> -0.0010914843
A16: 16 | B16: 0.61 | C16: =IF(AND(ISNUMBER(A16),A16>0,ISNUMBER($B$8)),$B$8/A16,"") -> 0.0125 | D16: =IF(AND(ISNUMBER(A16),ISNUMBER(B16),ISNUMBER($B$8),A16>0),4*PI()*A16*B16/(1+2*A16/SQRT(A16^2+4*$B$8^2)-A16/SQRT(A16^2+$B$8^2)),"") -> 61.340653 | E16: =IF(AND(ISNUMBER(A16),ISNUMBER(B16),A16>0),2*PI()*A16*B16,"") -> 61.323889 | F16: =IF(OR(D16="",E16=""),"",E16/D16-1) -> -0.00027329567
C17: =IF(AND(ISNUMBER(A17),A17>0,ISNUMBER($B$8)),$B$8/A17,"") | D17: =IF(AND(ISNUMBER(A17),ISNUMBER(B17),ISNUMBER($B$8),A17>0),4*PI()*A17*B17/(1+2*A17/SQRT(A17^2+4*$B$8^2)-A17/SQRT(A17^2+$B$8^2)),"") | E17: =IF(AND(ISNUMBER(A17),ISNUMBER(B17),A17>0),2*PI()*A17*B17,"") | F17: =IF(OR(D17="",E17=""),"",E17/D17-1)
C18: =IF(AND(ISNUMBER(A18),A18>0,ISNUMBER($B$8)),$B$8/A18,"") | D18: =IF(AND(ISNUMBER(A18),ISNUMBER(B18),ISNUMBER($B$8),A18>0),4*PI()*A18*B18/(1+2*A18/SQRT(A18^2+4*$B$8^2)-A18/SQRT(A18^2+$B$8^2)),"") | E18: =IF(AND(ISNUMBER(A18),ISNUMBER(B18),A18>0),2*PI()*A18*B18,"") | F18: =IF(OR(D18="",E18=""),"",E18/D18-1)
C19: =IF(AND(ISNUMBER(A19),A19>0,ISNUMBER($B$8)),$B$8/A19,"") | D19: =IF(AND(ISNUMBER(A19),ISNUMBER(B19),ISNUMBER($B$8),A19>0),4*PI()*A19*B19/(1+2*A19/SQRT(A19^2+4*$B$8^2)-A19/SQRT(A19^2+$B$8^2)),"") | E19: =IF(AND(ISNUMBER(A19),ISNUMBER(B19),A19>0),2*PI()*A19*B19,"") | F19: =IF(OR(D19="",E19=""),"",E19/D19-1)
A20: Average resistivity (Ω·m) | B20: =IF(COUNT(D12:D19)=0,"",AVERAGE(D12:D19)) -> 61.120103 | D20: Apparent resistivity at spacing a represents soil down to a depth of the order of a. A resistivity that changes strongly with spacing suggests layered soil.
A21: Lowest / highest (Ω·m) | B21: =IF(COUNT(D12:D19)=0,"",MIN(D12:D19)) -> 58.309637 | C21: =IF(COUNT(D12:D19)=0,"",MAX(D12:D19)) -> 66.100982
A22: Highest divided by lowest | B22: =IF(COUNT(D12:D19)<2,"",MAX(D12:D19)/MIN(D12:D19)) -> 1.1336202
A24: 3. Single vertical rod estimate (for comparison)
A25: Resistivity to use (Ω·m) | C25: Leave blank to use the Wenner average above.
A26: Resistivity used (Ω·m) | B26: =IF(ISNUMBER(B25),B25,IF(B20="","",B20)) -> 61.120103
A27: Rod length in the soil L (m) | B27: 3
A28: Rod diameter (mm) | B28: 16
A29: Estimated resistance of one rod (Ω) | B29: =IF(AND(ISNUMBER(B26),ISNUMBER(B27),ISNUMBER(B28),B27>0,B28>0),B26/(2*PI()*B27)*(LN(4*B27/(B28/2000))-1),"") -> 20.470757
A30: Measured earth resistance (Ω) | B30: =IF(ISNUMBER('Earth Electrode Test (Example)'!B36),'Earth Electrode Test (Example)'!B36,"") -> 19.8 | C30: Linked from the earth electrode test sheet.
A31: Measured against estimate | B31: =IF(OR(B29="",B30=""),"",B30/B29-1) -> -0.032766593
A32: Informational only. The estimate assumes uniform soil and one vertical rod, so a difference of tens of percent is common. Large differences point to layered soil, rock, moisture or interference worth investigating.

Sheet Reference
A1: REFERENCE: constants, formulas and sources
A2: Every constant used by the report sheets is listed here once. Blue cells can be edited.
A3: Enter data in the blue-on-yellow cells. Grey cells are calculated and locked (sheet protection has no password: Review > Unprotect Sheet).
A5: A. Constants used in the formulas
A6: Item | B6: Value | C6: Unit | D6: Basis
A7: First check position of the potential spike P | B7: 0.52 | C7: % of D | D7: 52 / 62 / 72 % readings are compared to confirm the plateau (fall-of-potential, 62 % method)
A8: Main position of the potential spike P | B8: 0.62 | C8: % of D | D8: 61.8 % of D is the theoretical position, commonly rounded to 62 %
A9: Second check position of the potential spike P | B9: 0.72 | C9: % of D | D9: See first check position
A10: Allowed spread of the three readings about the 62 % reading | B10: 5 | C10: % | D10: A practical acceptance figure, not a limit from a standard. Tighten or relax to suit the job.
A11: Minimum E to C distance D as a multiple of the largest electrode dimension | B11: 5 | C11: x L | D11: Common field guide. Larger electrodes and grids may need more. Not a limit from a standard.
A14: B. Formulas
A15: Fall of potential | B15: P distance = fraction x D. The reported earth resistance is the reading at 62 % of D, multiplied by the seasonal factor you enter (default 1).
A16: Wenner apparent resistivity | B16: rho = 4 x pi x a x R / (1 + 2a / SQRT(a^2 + 4b^2) - a / SQRT(a^2 + b^2)), with a = probe spacing, b = probe depth, R = tester reading. For b much smaller than a this reduces to rho = 2 x pi x a x R.
A17: Single vertical rod estimate | B17: R = rho / (2 x pi x L) x (LN(4L / r) - 1), with L = rod length in the soil and r = rod radius (Dwight formula, uniform soil, L much larger than r).
A19: C. Sources, assumptions and limits of use
A20: Sources: IEEE Std 81-2012, Guide for Measuring Earth Resistivity, Ground Impedance, and Earth Surface Potentials of a Grounding System (fall-of-potential method, 62 % rule, Wenner method). Rod formula: H. B. Dwight, 1936. Check against the edition and method your specification names.
A21: The 62 % rule assumes reasonably uniform soil and an electrode that is small compared with the E to C distance. In layered soil, or near buried metalwork, results can differ. Where the three readings do not agree, increase D and repeat.
A22: Keep the P and C spikes in line with the electrode, away from buried pipes and cables, and in undisturbed soil. Disconnect the electrode from the installation if the instrument procedure requires it.
A23: Earth resistance varies with season and soil moisture. Record the soil condition and last rainfall. The seasonal factor is yours to set from site or utility practice and defaults to 1.0.
A24: The rod estimate is an indication for a single vertical rod in uniform soil. It does not replace a measurement and has no pass or fail limit.
